{
    "region_cluster": {
        "A SECURE": 112500.0,
        "ADAMS ARCADE": 30000.0,
        "AGRA HEIGHTS": 33000.0,
        "AIRPORT ROAD": 60000.0,
        "APPLE TREE": 81666.66666666667,
        "ATHI RIVER": 52642.857142857145,
        "AVENUE PARK": 2102873.8095238097,
        "BABA DOGO": 20721732.48,
        "BANANA": 29852.852941176472,
        "BANDARI": 75000.0,
        "BROOKSIDE": 129000.0,
        "BURUBURU": 50250.0,
        "CARREFOUR": 56003.4,
        "CLAY CITY": 59730.769230769234,
        "DIANI FOR RENT THIS NEWLY BUILT": 65000.0,
        "EASTLEIGH NORTH": 82344.8275862069,
        "EASTLEIGH SOUTH": 124583333.33333333,
        "EMBAKASI-DONHOLM": 34802.583333333336,
        "ENKANG RESIDENCE": 31433.428571428572,
        "EVANTINE HOMES": 15000.0,
        "FEDHA": 28285.714285714286,
        "FOOTPRINT ON EARTH": 165000.0,
        "FOURWAYS JUNCTION": 101500.0,
        "GARDEN CITY": 137000.0,
        "GATUANYAGA": 27094.545454545456,
        "GENERAL MATHENGE": 190000.0,
        "GIKOMBA": 318644628.5714286,
        "GL": 120000.0,
        "GOLDEN PALM": 200000.0,
        "GRAND MIDTOWN": 28133.5,
        "HARAMBEE": 18588.235294117647,
        "HIGHRISE PROPERTIES": 85000.0,
        "HIMALAYA HEIGHTS": 135000.0,
        "JACARANDA GARDENS": 81600.0,
        "JUJA": 35000.0,
        "JUNCTION": 33000.0,
        "KAHAWA SUKARI FOR RENT TWO BEDROOM HOUSE FOR RENT IN KAHAWA SUKARI NAIROBI": 30000.0,
        "KAHAWA WEST": 35899.93548387097,
        "KANGEMI": 42000000.0,
        "KAREN": 2753955.231316726,
        "KARUKU MAKUTANO": 2700000.0,
        "KASARANI": 26750.0,
        "KASARANI-ROYSAMBU": 38750.0,
        "KAWANGWARE": 98505.26315789473,
        "KAYOLE": 85920.0,
        "KIAMBU RD": 165000.0,
        "KIAMBU ROAD": 0.0,
        "KIKUYU-WAIYAKIWAY": 55524.75247524752,
        "KILELESHWA": 21818.18181818182,
        "KILELESHWA FOR RENT": 225000.0,
        "KILIMANI": 86096.4749262537,
        "KILIMANI FOR RENT": 100000.0,
        "KILIMANI RD": 33750.0,
        "KILIMANI-KILELESHWA": 363667.35892514396,
        "KIMBO FOR RENT A SEVEN BEDROOM MANSION": 150000.0,
        "KIORA ESTATE": 150000.0,
        "KITENGELA-ATHIRIVER": 46247.32258064516,
        "KITISURU": 128105.17441860466,
        "KITSURU": 100000.0,
        "KOMAROCK": 1067555.5555555555,
        "KWA MUSYOKA": 14500.0,
        "LAKE VIEW": 438625.0,
        "LANDIMAWE": 6664333.333333333,
        "LAVINGTON": 164905.26178010472,
        "LIMURU RD RUAKA FOR RENT": 62000.0,
        "LORESHO": 99166.66666666667,
        "LOWER KABETE": 112393.93939393939,
        "LUCKY SUMMER": 61409.09090909091,
        "MACHINE": 1500.0,
        "MAISHA MAPYA": 40000.0,
        "MAKONGENI": 9838407.272727273,
        "MATHARE NORTH": 61090.90909090909,
        "MEMBLY": 25000.0,
        "MIHANGO": 110000.0,
        "MILLENNIUM VILLAS": 176000.0,
        "MLANGO KUBWA": 80021111.1111111,
        "MLOLONGO": 110666.66666666667,
        "MOUNTAIN VIEW": 45166.666666666664,
        "MUCHATHA": 12958.333333333334,
        "MUHIA ROAD": 21000.0,
        "MUTHAIGA NORTH": 93333.33333333333,
        "MUTHAIGA SQUARE FOR RENT": 90000.0,
        "MUTUINI": 39924.717948717946,
        "MVITA FOR RENT SPACIOUS BEDSITTER WITH INBUILT WARDROBE": 12000.0,
        "MWEMBENI": 1350.0,
        "MWIKI": 48535.71428571428,
        "NAIROBI\n                                 \n \n \n \n                                    APARTMENTS FOR RENT IN MOMBASA\n                                 \n \n \n \n                                    APARTMENTS FOR RENT IN KIAMBU COUNTY\n                                 \n \n \n \n                                    APARTMENTS FOR RENT IN KAJIADO COUNTY": 0.0,
        "NAIROBI REGION": 63264.92477876106,
        "NANDWA IVY RESIDENCE": 146250.0,
        "NDENDERU": 166736.17794970988,
        "NEW KITISURU": 20004.25,
        "NGANDO": 44600.0,
        "NGARA": 34333.333333333336,
        "NJIRU": 70111.11111111111,
        "NYALI AREA": 0.0,
        "NYALI MKOMANI FOR RENT": 120000.0,
        "NYALIBEHIND CITYMALL FOR RENT": 110000.0,
        "NYARI": 0.0,
        "NYAYO ESTATE": 38785.28571428572,
        "OAK CLASSIC": 100000.0,
        "OFF LINKS ROAD": 50000.0,
        "OLE ODUME": 33000.0,
        "OLE ODUME RD": 32250.0,
        "PANGANI": 68170.45454545454,
        "PARKLANDS": 0.0,
        "PARKLANDS FOR RENT THIS NICELY DONE": 120000.0,
        "PIPELINE": 28908.647058823528,
        "POSTA": 31500.0,
        "PRIME APARTMENTS": 120000.0,
        "PURPLEHAZE": 195000.0,
        "RAPHTA ROAD AREA FOR RENT": 200000.0,
        "REGISTRATION SELL": 0.0,
        "RHAPTA ROAD": 0.0,
        "RIDGEWAYS": 360000.0,
        "RIRUTA": 27387.5,
        "RIVERSIDE": 0.0,
        "RIVERSIDE DRIVE FOR RENT": 170000.0,
        "RONGAI-KAJIADO": 38250.0,
        "ROYSAMBU": 57538.77551020408,
        "RUAI": 43263.15789473684,
        "RUNDA": 0.0,
        "SABAKI": 36731.5,
        "SERENITY RESIDENCES": 85000.0,
        "SOUTH B": 39032.905263157896,
        "SOUTH C": 62772.34042553192,
        "SPRING VALLEY FOR RENT": 155000.0,
        "STATE HOUSE AREA FOR RENT": 65000.0,
        "THE BEST BLOCK IN THIS ESTATE AND BATHED IN NATURAL LIGHT": 120000.0,
        "THE HEART OF WESTLANDS": 50000.0,
        "THE ICONIC HIMALAYA HEIGHTS": 0.0,
        "THE PLACE": 65000.0,
        "THIKA-TOWN-ENVIRONS": 26844.444444444445,
        "THOGOTO": 40636.36363636364,
        "TIGONI": 242142.85714285713,
        "TILISI": 215000.0,
        "TRM DRIVE": 65000.0,
        "UMOJA": 13820.0,
        "UTAWALA": 29708.79120879121,
        "VOK": 27505.666666666668,
        "WANGARI MATHAI ROAD": 67500.0,
        "WESTLANDS": 50000.0,
        "WESTLANDS\n                                     \n \n \n   \n   \n \n \n   \n                    WESTLANDS AREA": 140000.0,
        "WESTLANDS AREA": 0.5555555555555556,
        "WESTLANDS-PARKLANDS": 114857.88321167883,
        "WILMA TOWERS": 97500.0
    },
    "topology": {
        "APARTMENT": 65000,
        "MAISONETTE": 110000,
        "BEDSITTER": 15000
    },
    "land_rates": {
        "WESTLANDS-PARKLANDS": 502700000,
        "KILIMANI-KILELESHWA": 450000000,
        "KAREN": 76000000,
        "RUNDA": 101100000,
        "KASARANI-ROYSAMBU": 98000000,
        "EMBAKASI-DONHOLM": 82000000,
        "KIKUYU-WAIYAKIWAY": 42000000,
        "THIKA-TOWN-ENVIRONS": 32000000,
        "KITENGELA-ATHIRIVER": 18800000,
        "RONGAI-KAJIADO": 25000000
    }
}